{"lvl0 Only": {
        "lvl0_percentAmplitudeMoves": -0.29425597674098386,
        "lvl0_percentWavelengthMoves": 0.13063514099244697,
        "lvl0_sliderAvgRange": 0.008400398230626093,
        "lvl0_sliderAvgStdDevs": -0.02313995234070279,
        "lvl0_totalLevelTime": -6.206149653582499E-5,
        "lvl0_totalMoveTypeChanges": -0.055159425820165066,
        "lvl0_totalSliderMoves": 0.020683891752809193,
        "Intercept": 1.4707148480736822
    }, "lvl0-lvl1": {
        "lvl0_percentAmplitudeMoves": -0.031454240241031904,
        "lvl0_percentWavelengthMoves": 0.44354811998921,
        "lvl0_sliderAvgRange": 0.008765856320059315,
        "lvl0_sliderAvgStdDevs": -0.022555598430227822,
        "lvl0_totalFails": -8.306585563078928,
        "lvl0_totalLevelTime": -2.8775186451121113E-6,
        "lvl0_totalMoveTypeChanges": -0.024204161840695543,
        "lvl0_totalSliderMoves":-0.004943425659682401,
        "lvl1_beginCount":0.12804684223409327,
        "lvl1_percentAmplitudeMoves":-9.756265026792823,
        "lvl1_percentOffsetMoves":-10.759012271172631,
        "lvl1_percentWavelengthMoves":-10.653336629748745,
        "lvl1_sliderAvgRange":0.007582127665132338,
        "lvl1_sliderAvgStdDevs":-0.014010840412089932,
        "lvl1_succeedCount":0.8146416097764155,
        "lvl1_totalFails":-0.7967873087354845,
        "lvl1_totalLevelTime":0.4863672679031432,
        "lvl1_totalMoveTypeChanges":-0.036142124485923834,
        "lvl1_totalSliderMoves":0.031712585991452616,
        "Intercept":27.09633783191419
    }, "lvl0-lvl1-lvl2":{
        "lvl0_percentAmplitudeMoves":0.459158238383812,
        "lvl0_percentWavelengthMoves":0.3135214271506894,
        "lvl0_sliderAvgRange":-0.0013117419408848361,
        "lvl0_sliderAvgStdDevs":0.00669981749761533,
        "lvl0_totalFails":-8.226148587978404,
        "lvl0_totalLevelTime":-3.6625608176976495E-5,
        "lvl0_totalMoveTypeChanges":-0.041051219451867835,
        "lvl0_totalSliderMoves":7.007514356091027E-4,
        "lvl1_beginCount":-0.16572283226855725,
        "lvl1_percentAmplitudeMoves":1.0252735396745971,
        "lvl1_percentOffsetMoves":0.1185165469106207,
        "lvl1_percentWavelengthMoves":0.0,
        "lvl1_sliderAvgRange":0.003967364097424138,
        "lvl1_sliderAvgStdDevs":0.004642781223435156,
        "lvl1_succeedCount":0.7854890801716204,
        "lvl1_totalFails":-0.7875038149126333,
        "lvl1_totalLevelTime":0.31370367282653333,
        "lvl1_totalMoveTypeChanges":-0.02794149786486569,
        "lvl1_totalSliderMoves":0.02286447936937795,
        "lvl2_percentAmplitudeMoves":0.17551876816901577,
        "lvl2_percentOffsetMoves":0.5810184625950897,
        "lvl2_percentWavelengthMoves":0.0,
        "lvl2_sliderAvgRange":0.003681281277771455,
        "lvl2_sliderAvgStdDevs":0.0017375492899164532,
        "lvl2_succeedCount":0.20577019317888698,
        "lvl2_totalFails":-0.20081695019279536,
        "lvl2_totalMoveTypeChanges":-0.03032808481851513,
        "lvl2_totalSliderMoves":0.02213082289552295,
        "Intercept":15.91617862447785
    } 
}